epoch_s,t_s,altitude_m
1789596836.58,2.61,0.1950
1789596836.78,2.81,0.1950
1789596836.98,3.01,0.1950
1789596837.18,3.21,0.1950
1789596837.38,3.41,0.1950
1789596837.58,3.61,0.1950
1789596837.78,3.81,0.1950
1789596837.98,4.01,0.1950
1789596838.18,4.21,0.1950
1789596838.38,4.41,0.1950
1789596838.58,4.61,0.1950
1789596838.78,4.81,0.1950
1789596838.98,5.01,0.1950
1789596839.18,5.21,0.1950
1789596839.38,5.41,0.1950
1789596839.58,5.61,0.1950
1789596839.78,5.81,0.1950
1789596839.98,6.01,0.1950
1789596840.18,6.21,0.1950
1789596840.38,6.41,0.1950
1789596840.58,6.62,0.1950
1789596840.78,6.81,0.1950
1789596840.98,7.01,0.1950
1789596841.18,7.21,0.1950
1789596841.38,7.41,0.1950
1789596841.58,7.61,0.1950
1789596841.78,7.81,0.1950
1789596841.98,8.01,0.1950
1789596842.18,8.21,0.1950
1789596842.38,8.41,0.1950
1789596842.58,8.61,0.1950
1789596842.78,8.81,0.1950
1789596842.98,9.01,0.1950
1789596843.18,9.21,0.1950
1789596843.38,9.41,0.1950
1789596843.58,9.61,0.1950
1789596843.78,9.81,0.1950
1789596843.98,10.01,0.1950
1789596844.18,10.21,0.1950
1789596844.38,10.41,0.1950
1789596844.58,10.61,0.1950
1789596844.78,10.81,0.1950
1789596844.98,11.01,0.1950
1789596845.18,11.21,0.1950
1789596845.38,11.41,0.1950
1789596845.58,11.61,0.1950
1789596845.78,11.81,0.1950
1789596845.98,12.01,0.1950
1789596846.18,12.21,0.1950
1789596846.38,12.41,0.1950
1789596846.58,12.61,0.1950
1789596846.78,12.81,0.1950
1789596846.98,13.01,0.1950
1789596847.18,13.21,0.1950
1789596847.38,13.41,0.1950
1789596847.58,13.61,0.1950
1789596847.78,13.81,0.1950
1789596847.98,14.01,0.1950
1789596848.18,14.21,0.1950
1789596848.38,14.41,0.1950
1789596848.58,14.61,0.1950
1789596848.78,14.81,0.1950
1789596848.98,15.01,0.1950
1789596849.18,15.21,0.1950
1789596849.38,15.41,0.1950
1789596849.58,15.61,0.1950
1789596849.78,15.81,0.1950
1789596849.98,16.01,0.1950
1789596850.18,16.21,0.1950
1789596850.38,16.41,0.1950
1789596850.58,16.61,0.1950
1789596850.78,16.81,0.1950
1789596850.98,17.01,0.1950
1789596851.18,17.21,0.1950
1789596851.38,17.41,0.1950
1789596851.58,17.61,0.1950
1789596851.78,17.81,0.1950
1789596851.98,18.01,0.1950
1789596852.18,18.21,0.1950
1789596852.38,18.41,0.1950
1789596852.58,18.61,0.1950
1789596852.78,18.81,0.1950
1789596852.98,19.01,0.1950
1789596853.18,19.21,0.1950
1789596853.38,19.41,0.1950
1789596853.58,19.61,0.1950
1789596853.78,19.81,0.1950
1789596853.98,20.01,0.1950
1789596854.18,20.21,0.1950
1789596854.38,20.41,0.1950
1789596854.58,20.61,0.1950
1789596854.78,20.81,0.1950
1789596854.98,21.01,0.1950
1789596855.18,21.21,0.1950
1789596855.38,21.41,0.1950
1789596855.58,21.61,0.1950
1789596855.78,21.81,0.1950
1789596855.98,22.01,0.1950
1789596856.18,22.21,0.1950
1789596856.38,22.41,0.1950
1789596856.58,22.61,0.1950
1789596856.78,22.81,0.1950
1789596856.98,23.01,0.1950
1789596857.18,23.21,0.1950
1789596857.38,23.41,0.1950
1789596857.58,23.61,0.1950
1789596857.78,23.81,0.1950
1789596857.98,24.01,0.1950
1789596858.18,24.21,0.1950
1789596858.38,24.41,0.1950
1789596858.58,24.61,0.1950
1789596858.78,24.81,0.1950
1789596860.99,25.01,0.1950
1789596861.18,25.19,0.1950
1789596861.38,25.39,0.1950
1789596861.58,25.59,0.1950
1789596861.78,25.80,0.1950
1789596861.98,25.99,0.1950
1789596862.18,26.19,0.1950
1789596862.38,26.39,0.1950
1789596862.58,26.59,0.1950
1789596862.78,26.80,0.1950
1789596862.98,27.00,0.1950
1789596863.18,27.19,0.1950
1789596863.38,27.39,0.1950
1789596863.58,27.59,0.1950
1789596863.78,27.80,0.1950
1789596863.98,27.99,0.1950
1789596864.18,28.19,0.1950
1789596864.38,28.39,0.1950
1789596864.58,28.59,0.1950
1789596864.78,28.79,0.1950
1789596864.98,28.99,0.1950
1789596865.18,29.19,0.1950
1789596865.38,29.39,0.1950
1789596865.58,29.59,0.1950
1789596865.78,29.80,0.1950
1789596865.98,30.00,0.1950
1789596866.18,30.20,0.1950
1789596866.38,30.40,0.1950
1789596866.58,30.59,0.1950
1789596866.78,30.80,0.1950
1789596866.98,30.99,0.1950
1789596867.18,31.19,0.1950
1789596867.38,31.39,0.1950
1789596867.58,31.59,0.1950
1789596867.78,31.79,0.1950
1789596867.98,31.99,0.1950
1789596868.18,32.19,0.1950
1789596868.38,32.39,0.1950
1789596868.58,32.59,0.1950
1789596868.78,32.79,0.1950
1789596868.98,32.99,0.1950
1789596869.18,33.20,0.1950
1789596869.38,33.39,0.1950
1789596869.58,33.59,0.1950
1789596869.78,33.79,0.1950
1789596869.98,34.00,0.1950
1789596870.18,34.19,0.1950
1789596870.38,34.39,0.1950
1789596870.58,34.60,0.1950
1789596870.78,34.79,0.1950
1789596870.98,34.99,0.1950
1789596871.18,35.19,0.1950
1789596871.38,35.40,0.1950
1789596871.58,35.60,0.1950
1789596871.78,35.79,0.1950
1789596871.98,36.00,0.1950
1789596872.18,36.19,0.1950
1789596872.38,36.39,0.1950
1789596872.58,36.59,0.1950
1789596872.78,36.79,0.1950
1789596872.98,36.99,0.1950
1789596873.18,37.19,0.1950
1789596873.38,37.39,0.1950
1789596873.58,37.59,0.1950
1789596873.78,37.79,0.1950
1789596873.98,37.99,0.1950
1789596874.18,38.20,0.1950
1789596874.38,38.40,0.1950
1789596874.58,38.60,0.1950
1789596874.78,38.79,0.1950
1789596874.98,39.00,0.1950
1789596875.18,39.19,0.1950
1789596875.38,39.40,0.1950
1789596875.58,39.59,0.1950
1789596875.78,39.79,0.1950
1789596875.98,39.99,0.1950
1789596876.18,40.19,0.1950
1789596876.38,40.39,0.1950
1789596876.58,40.60,0.1950
1789596876.78,40.79,0.1950
1789596876.98,40.99,0.1950
1789596877.18,41.19,0.1950
1789596877.38,41.39,0.1950
1789596877.58,41.60,0.1950
1789596877.78,41.79,0.1950
1789596877.98,41.99,0.1950
1789596878.18,42.19,0.1950
1789596878.38,42.39,0.1950
1789596878.58,42.59,0.1950
1789596878.78,42.79,0.1950
1789596878.98,42.99,0.1950
1789596879.18,43.19,0.1950
1789596879.38,43.39,0.1950
1789596879.58,43.60,0.1950
1789596879.78,43.79,0.1950
1789596879.98,43.99,0.1950
1789596880.18,44.19,0.1950
1789596880.38,44.39,0.1950
1789596880.58,44.60,0.1950
1789596880.78,44.79,0.1950
1789596880.98,44.99,0.1950
1789596881.18,45.20,0.1950
1789596881.38,45.39,0.1950
1789596881.58,45.59,0.1950
1789596881.78,45.79,0.1950
1789596881.98,45.99,0.1950
1789596882.18,46.19,0.1950
1789596882.38,46.40,0.1950
1789596882.58,46.59,0.1950
1789596882.78,46.79,0.1950
1789596882.98,47.00,0.1950
1789596883.18,47.20,0.1950
1789596883.38,47.39,0.1950
1789596883.58,47.59,0.1950
1789596883.78,47.79,0.1950
1789596883.98,47.99,0.1950
1789596884.18,48.19,0.1950
1789596884.38,48.39,0.1950
1789596884.58,48.59,0.1950
1789596884.78,48.79,0.1950
1789596884.98,48.99,0.1950
1789596885.18,49.19,0.1950
1789596885.38,49.39,0.1950
1789596885.58,49.59,0.1950
1789596885.78,49.79,0.1950
1789596885.98,49.99,0.1950
1789596886.18,50.19,0.1950
1789596886.38,50.39,0.1999
1789596886.58,50.59,0.2064
1789596886.78,50.79,0.2161
1789596886.98,50.99,0.2292
1789596887.18,51.20,0.2397
1789596887.38,51.39,0.2583
1789596887.58,51.59,0.2803
1789596887.78,51.80,0.3058
1789596887.98,52.00,0.3348
1789596888.18,52.20,0.3561
1789596888.38,52.39,0.3909
1789596888.58,52.59,0.4294
1789596888.78,52.79,0.4570
1789596888.98,52.99,0.5014
1789596889.18,53.19,0.5330
1789596889.38,53.39,0.5835
1789596889.58,53.59,0.6190
1789596889.78,53.79,0.6750
1789596889.98,53.99,0.6943
1789596890.18,54.19,0.7339
1789596890.38,54.39,0.7960
1789596890.58,54.59,0.8840
1789596890.78,54.79,0.9542
1789596890.98,55.00,1.0532
1789596891.18,55.19,1.1568
1789596891.38,55.39,1.2892
1789596891.58,55.59,1.4205
1789596891.78,55.79,1.5461
1789596891.98,55.99,1.6853
1789596892.18,56.19,1.6853
1789596892.38,56.39,1.9021
1789596892.58,56.59,1.9829
1789596892.78,56.79,2.0523
1789596892.98,56.99,2.1205
1789596893.18,57.19,2.1569
1789596896.39,57.23,2.1649
1789596896.58,57.42,2.1983
1789596896.78,57.62,2.2207
1789596896.98,57.82,2.2320
1789596897.18,58.02,2.2339
1789596897.38,58.22,2.2307
1789596897.58,58.42,2.2249
1789596897.78,58.62,2.2181
1789596897.98,58.82,2.2139
1789596898.19,59.03,2.2086
1789596898.38,59.22,2.2061
1789596898.58,59.42,2.2027
1789596898.78,59.62,2.1996
1789596898.98,59.82,2.1977
1789596899.18,60.02,2.1960
1789596899.38,60.22,2.1939
1789596899.58,60.42,2.1927
1789596899.78,60.62,2.1911
1789596899.98,60.82,2.1902
1789596900.18,61.02,2.1891
1789596900.38,61.22,2.1882
1789596900.58,61.42,2.1875
1789596900.78,61.62,2.1870
1789596900.98,61.82,2.1865
1789596901.18,62.02,2.1863
1789596901.38,62.22,2.1862
1789596901.58,62.42,2.1863
1789596901.78,62.62,2.1865
1789596901.98,62.82,2.1871
1789596902.18,63.02,2.1876
1789596902.38,63.22,2.1883
1789596902.58,63.42,2.1889
1789596902.78,63.62,2.1896
1789596902.98,63.82,2.1905
1789596903.18,64.02,2.1911
1789596903.38,64.22,2.1915
1789596903.58,64.42,2.1900
1789596903.78,64.62,2.1842
1789596903.98,64.82,2.1762
1789596904.18,65.02,2.1601
1789596904.38,65.22,2.1376
1789596904.58,65.42,2.1093
1789596904.78,65.62,2.0681
1789596904.98,65.82,2.0224
1789596905.18,66.02,1.9834
1789596905.38,66.22,1.9226
1789596905.58,66.42,1.8809
1789596905.78,66.62,1.8281
1789596905.98,66.82,1.7647
1789596906.18,67.02,1.7121
1789596906.38,67.22,1.6598
1789596906.58,67.42,1.6078
1789596906.78,67.62,1.5562
1789596906.98,67.82,1.5052
1789596907.18,68.02,1.4544
1789596907.38,68.22,1.4039
1789596907.58,68.42,1.3537
1789596907.78,68.62,1.3036
1789596907.98,68.82,1.2536
1789596908.18,69.02,1.2035
1789596908.38,69.22,1.1537
1789596908.58,69.42,1.1139
1789596908.78,69.62,1.0544
1789596908.98,69.82,1.0048
1789596909.18,70.02,0.9553
1789596909.38,70.22,0.9055
1789596909.58,70.42,0.8556
1789596909.78,70.62,0.8057
1789596909.98,70.82,0.7659
1789596910.18,71.02,0.7060
1789596910.38,71.22,0.6562
1789596910.58,71.42,0.6064
1789596910.78,71.62,0.5568
1789596910.98,71.82,0.5171
1789596911.18,72.02,0.4673
1789596911.38,72.22,0.4177
1789596911.58,72.42,0.3779
1789596911.78,72.62,0.3278
1789596911.98,72.82,0.2877
1789596912.18,73.02,0.2376
1789596912.38,73.22,0.1975
1789596912.58,73.42,0.1948
1789596912.78,73.62,0.1949
1789596912.98,73.82,0.1949
1789596913.18,74.02,0.1950
1789596913.38,74.22,0.1950
1789596913.58,74.42,0.1950
1789596913.78,74.62,0.1950
1789596913.98,74.82,0.1950
1789596914.18,75.02,0.1950
1789596914.38,75.22,0.1950
1789596914.58,75.42,0.1950
1789596914.78,75.62,0.1950
1789596914.99,75.83,0.1950
1789596915.18,76.02,0.1950
1789596915.38,76.22,0.1950
1789596915.58,76.42,0.1950
1789596915.78,76.62,0.1950
1789596915.98,76.82,0.1950
1789596916.18,77.02,0.1950
1789596916.38,77.22,0.1950
1789596916.58,77.42,0.1950
1789596916.78,77.62,0.1950
1789596916.98,77.82,0.1950
1789596917.18,78.02,0.1950
1789596917.38,78.22,0.1950
1789596917.58,78.42,0.1950
1789596917.78,78.62,0.1950
1789596917.98,78.82,0.1950
1789596918.18,79.02,0.1950
1789596918.38,79.22,0.1950
1789596918.58,79.42,0.1950
1789596918.78,79.62,0.1950
1789596918.98,79.82,0.1950
1789596919.18,80.02,0.1950
1789596919.38,80.22,0.1950
1789596919.58,80.42,0.1950
1789596919.78,80.62,0.1950
1789596919.98,80.82,0.1950
